"Name","Symbol","Exchange","Last","Bid","Ask","Extended Hours","Extended Hours (%)","Open","Prev.","High","Low","Chg.","Chg. %","Vol.","Next Earnings Date","Time","Market Cap","Revenue","Average Vol. (3m)","EPS","P/E Ratio","Beta","Dividend","Yield","5 Minutes","15 Minutes","30 Minutes","Hourly","5 Hours","Daily","Weekly","Monthly","Daily","1 Week","1 Month","YTD","1 Year","3 Years"
"iShares Russell 2000 ETF","IWM","NYSE","203.99","-","-","204.00","--","203.92","204.82","205.16","203.28","-0.83","-0.41%","27,861,181","--","16:00:00","67,790,000,000","947,020,000","40,572,658","13.98","13.26","1.16","2.9356","1.43%","Strong Buy","Neutral","Neutral","Neutral","Strong Buy","Strong Buy","Strong Buy","Strong Buy","-0.41%","2.19%","13.97%","16.99%","16.67%","4.92%"
"Fastenal Company","FAST.TG","TG","58.76","58.47","58.76","--","--","59.00","58.87","59.00","58.44","-0.11","-0.19%","779","Jan 18, 2024","13:11:43","33,500,000,000","","444","-","32.61","-","-","-","Buy","Neutral","Neutral","Neutral","Sell","Strong Buy","Strong Buy","Strong Buy","-0.19%","-0.59%","8.07%","32.30%","31.73%","45.95%"
"Fastenal Company","FAST.O","NASDAQ","64.84","-","-","64.94","0.15%","65.39","65.34","65.39","64.80","-0.50","-0.77%","2,099,241","Jan 18, 2024","","37,060,000,000","7,280,000,000","3,520,651","1.99","32.61","1.11","1.52","2.33%","Strong Sell","Strong Sell","Strong Sell","Strong Sell","Neutral","Strong Buy","Strong Buy","Strong Buy","-0.77%","-0.38%","8.72%","37.02%","36.33%","30.41%"
"PepsiCo Inc BDR","PEPB34.SA","BVMF","54.65","54.44","54.89","--","--","55.54","54.45","55.54","54.50","+0.20","+0.37%","7,233","Feb 09, 2024","16:33:03","1.14T","91,620,000,000","6,751","6.02","28.12","0.567","1.0854","1.99%","Strong Buy","Strong Buy","Strong Buy","Strong Buy","Strong Buy","Sell","Strong Sell","Sell","0.37%","0.61%","0.39%","-15.53%","-15.53%","12.18%"
"FTC/USD - Feathercoin US Dollar","FTC/USD - Feathercoin US Dollar","Synthetic","0.000848","0.000848","0.000848","--","--","0.000867","0.000867","0.001309","0.000846","-0.000019","-2.16%","-","--","16:55:24","-","","-","-","-","-","-","-","Strong Sell","Strong Sell","Strong Sell","Strong Sell","Strong Sell","Strong Sell","Strong Sell","Strong Sell","-2.00%","-3.17%","-10.21%","-79.05%","-78.29%","-93.39%"
"BTC/XAU - Bitcoin Gold Spot","BTC/XAU - Bitcoin Gold Spot","Synthetic","20.5242","20.5242","20.5242","--","--","20.8637","20.8637","21.0400","20.3825","-0.3395","-1.63%","-","--","16:55:16","-","","-","-","-","-","-","-","Strong Buy","Strong Buy","Neutral","Sell","Strong Sell","Sell","Strong Buy","Strong Buy","-1.68%","-3.99%","10.82%","126.25%","123.78%","40.71%"
"Cardano","ADA/USD","Investing.com","0.6148","-","-","--","--","0.6393","0.6393","0.6760","0.6101","-0.0245","-3.83%","388,266,634","--","16:55:46","-","","-","-","-","-","-","-","Strong Sell","Strong Sell","Strong Sell","Strong Sell","Neutral","Buy","Strong Buy","Strong Buy","-3.35%","-2.77%","61.87%","151.53%","153.28%","223.46%"
"First Republic Bank","FRCB.PK","OTC","0.04","-","-","0.04","-12.50%","0.03","0.03","0.04","0.03","0.01","29.15%","2,130,417","Jan 12, 2024","15:59:00","5,600,000","5,570,000,000","771,618","7.53","0.01","1.64","1.08","3,985.24%","Strong Sell","Neutral","Strong Sell","Neutral","Strong Sell","Sell","Strong Sell","Strong Sell","29.15%","-33.33%","100.00%","-99.97%","-99.97%","-99.97%"
"S&P 500 Futures","ESH24","CME","4,834.00","4,833.75","4,834.00","--","--","4,834.50","4,833.50","4,841.50","4,828.00","+0.50","+0.01%","847,410","--","16:46:05","-","","-","-","-","-","-","-","Strong Sell","Strong Sell","Sell","Neutral","Strong Buy","Strong Buy","Strong Buy","Strong Buy","0.01%","0.78%","6.03%","25.20%","24.85%","29.95%"
"Scisparc Ltd","SPRC.O","NASDAQ","4.900000","4.760000","4.940000","4.940000","0.816324%","4.850000","4.740000","4.999900","4.709900","+0.160000","+3.38%","60,286","--","16:00:00","2,480,000","3,320,000","2,029,241","1.01","5.43","1.40","-","-","Neutral","Strong Buy","Strong Buy","Buy","Sell","Strong Sell","Strong Sell","Strong Sell","3.38%","1.45%","-47.93%","-75.05%","-74.22%","-"
"RVL Pharmaceuticals PLC","RVLPQ.PK","OTC","0.0033","-","-","--","--","0.0023","0.0022","0.0036","0.0020","+0.0011","+50.00%","405,811","Mar 27, 2024","15:24:00","367,640","36,920,000","21,091,219","-0.699","-0.01","0.835","-","-","Strong Buy","Strong Buy","Strong Buy","Strong Buy","Strong Buy","Strong Sell","Strong Sell","Strong Sell","50.00%","57.14%","3.13%","-99.71%","-99.68%","-99.94%"
"Automatic Data Processing Inc","AUD.F","F","208.000","209.900","210.400","--","--","208.000","209.550","208.000","208.000","-1.550","-0.74%","-","Jan 31, 2024","02:01:51","86,430,000,000","18,310,000,000","51","8.46","27.51","-","5.6","2.41%","Strong Sell","Strong Sell","Strong Sell","Strong Sell","Strong Sell","Strong Sell","Strong Sell","Neutral","-0.74%","-2.21%","-0.55%","-7.43%","-8.13%","44.16%"
"ADA/USD - Cardano US Dollar","ADA/USD - Cardano US Dollar","Binance","0.6155","0.6153","0.6154","--","--","0.6392","0.6392","0.6769","0.6100","-0.0237","-3.71%","331,550,332","--","16:56:00","-","","-","-","-","-","-","-","Strong Sell","Strong Sell","Strong Sell","Strong Sell","Neutral","Buy","Strong Buy","Strong Buy","-3.58%","-3.01%","61.46%","150.94%","152.58%","222.32%"
"Dow Jones Futures","1YMH24","CME","38,027.00","38,027.00","38,028.00","--","--","38,010.00","38,006.00","38,089.00","37,925.00","+21.00","+0.06%","76,623","--","16:46:06","-","","-","-","-","-","-","-","Strong Sell","Neutral","Buy","Strong Buy","Strong Buy","Strong Buy","Strong Buy","Strong Buy","0.05%","0.72%","7.15%","14.24%","13.94%","25.76%"
"United States 10-Year","TNc1=","NYSE","3.844","-","-","--","--","3.804","3.788","3.861","3.797","+0.056","+1.49%","-","--","16:56:00","-","","-","-","-","-","-","-","Strong Buy","Neutral","Strong Buy","Strong Buy","Sell","Strong Sell","Strong Sell","Buy","1.49%","-1.23%","-9.74%","-0.89%","0.62%","309.07%"
"Bitcoin Euro","BTC/EUR","Investing.com","38,368.2","-","-","--","--","39,208.3","39,208.3","39,441.9","38,177.7","-840.1","-2.14%","2,030","--","16:55:52","-","","-","-","-","-","-","-","Strong Sell","Strong Sell","Strong Sell","Strong Sell","Strong Sell","Neutral","Strong Buy","Strong Buy","-2.11%","-3.74%","11.19%","148.89%","146.02%","71.86%"
"VEIL/BTC - Veil Bitcoin","VEIL/BTC - Veil Bitcoin","TradeOgre","0.00000010","0.00000009","0.00000010","--","--","0.00000009","0.00000009","0.00000010","0.00000010","0.00000000","0%","-","--","16:05:46","-","","-","-","-","-","-","-","Buy","Buy","Buy","Buy","Neutral","Neutral","Neutral","Neutral","0.00%","-23.08%","0.00%","-23.08%","-33.33%","-"
"McCormick & Comp Inc","MKCv","NYSE","68.98","27.00","108.00","67.56","-2.06%","68.65","66.73","68.98","67.52","+2.25","+3.37%","1,668","Jan 25, 2024","16:00:00","18,510,000,000","6,610,000,000","2,263","2.41","28.30","0.661","1.68","2.5%","Sell","Sell","Sell","Sell","Sell","Sell","Strong Sell","Strong Sell","3.37%","1.91%","4.69%","-16.05%","-17.39%","-27.44%"
"EUR/USD - Euro US Dollar","EUR/USD - Euro US Dollar","FX","1.1062","1.1060","1.1064","--","--","1.1105","1.1103","1.1140","1.1056","-0.0041","-0.37%","-","--","16:56:07","-","","-","-","-","-","-","-","Strong Sell","Strong Sell","Strong Sell","Strong Sell","Buy","Strong Buy","Strong Buy","Strong Buy","-0.37%","0.49%","0.86%","3.36%","3.76%","-9.68%"
"Bitcoin","BTC/USD","Investing.com","42,398.8","-","-","--","--","43,357.4","43,357.4","43,782.6","42,309.3","-958.5","-2.21%","52,375","--","16:56:00","-","","-","-","-","-","-","-","Strong Sell","Strong Sell","Strong Sell","Strong Sell","Strong Sell","Neutral","Strong Buy","Strong Buy","-2.20%","-3.33%","12.02%","156.41%","154.89%","54.90%"
"S&P 500",".SPX","NYSE","4,783.4","4,584.6","4,689.0","--","--","4,786.4","4,781.6","4,793.3","4,781.0","+1.9","+0.04%","-","--","16:20:00","-","","2,362,808,064","-","-","-","-","-","Strong Sell","Strong Sell","Neutral","Strong Buy","Strong Buy","Strong Buy","Strong Buy","Strong Buy","0.04%","0.77%","5.12%","24.58%","24.27%","28.34%"
"FTC/BTC - Feathercoin Bitcoin","FTC/BTC - Feathercoin Bitcoin","Bittrex","0.00000003","-","-","--","--","0.00000003","0.00000003","0.00000003","0.00000001","0.00000000","0%","-","--","19:00:13","-","","-","-","-","-","-","-","Buy","Buy","Buy","Buy","Buy","Neutral","Strong Sell","Sell","0.00%","0.00%","-57.14%","-87.50%","-88.46%","-95.24%"
"US Dollar Index Futures","DXc3","ICE","101.88","101.78","101.86","--","--","101.78","101.88","101.88","101.78","0.00","0.00%","-","--","18/12","-","","-","-","-","-","-","-","Strong Buy","Buy","Buy","Neutral","Strong Sell","Strong Sell","Strong Sell","Sell","0.00%","0.98%","-0.05%","-0.69%","-1.08%","13.36%"
"US Dollar Index Futures","DX","ICE","100.930","100.912","100.947","--","--","100.560","100.654","100.990","100.312","+0.276","+0.27%","12,263","--","16:54:11","-","","-","-","-","-","-","-","Strong Buy","Strong Buy","Strong Buy","Strong Buy","Sell","Strong Sell","Strong Sell","Sell","0.27%","-0.54%","-1.70%","-2.26%","-2.56%","12.29%"
"Alphabet Inc Class C","GOOG.O","NASDAQ","141.28","-","-","141.16","-0.09%","141.78","141.44","142.27","140.83","-0.16","-0.11%","11,969,755","Feb 01, 2024","16:00:01","1.77T","297,130,000,000","22,195,388","5.24","26.75","1.05","-","-","Strong Sell","Strong Sell","Strong Sell","Sell","Strong Buy","Strong Buy","Strong Buy","Strong Buy","-0.11%","-0.37%","3.58%","59.22%","58.83%","60.65%"
"Alphabet Inc Class C","ABECG.DE","ETR","127.78","127.78","127.78","--","--","127.62","127.38","128.12","127.00","+0.40","+0.31%","5,355","Feb 01, 2024","11:35:46","1.60T","297,130,000,000","12,097","5.24","26.97","1.05","-","-","Strong Buy","Buy","Strong Buy","Neutral","Buy","Strong Buy","Strong Buy","Strong Buy","0.31%","-0.87%","2.14%","55.24%","53.51%","77.57%"
"UnitedHealth Group Incorporated","UNH.TG","TG","474.00","474.00","475.00","--","--","471.00","470.50","477.50","468.50","+3.50","+0.74%","1,478","Jan 12, 2024","15:54:50","438,870,000,000","","1,193","-","22.62","-","-","-","Sell","Sell","Neutral","Neutral","Neutral","Strong Sell","Sell","Buy","0.74%","0.42%","-2.67%","-4.08%","-4.54%","67.05%"
"Dow Jones Industrial Average","US30","NYSE","37,710","37,724","37,726","--","--","37,662","37,710","37,779","37,651","+54","+0.14%","199,555,090","--","16:20:01","-","","295,944,328","-","-","-","-","-","Strong Sell","Neutral","Strong Buy","Strong Buy","Strong Buy","Strong Buy","Strong Buy","Strong Buy","0.14%","0.82%","6.43%","13.77%","13.51%","24.31%"
"Dow Jones Industrial Average",".DJI","NYSE","37,710.10","22,350.00","22,352.00","--","--","37,661.52","37,656.52","37,778.85","37,650.98","+53.58","+0.14%","199,555,090","--","16:20:01","-","","295,944,328","-","-","-","-","-","Strong Sell","Neutral","Buy","Strong Buy","Strong Buy","Strong Buy","Strong Buy","Strong Buy","0.14%","0.82%","6.43%","13.77%","13.51%","24.31%"
"US Small Cap 2000","US2000","NYSE","2,056.25","2,056.05","2,056.45","--","--","2,053.20","2,058.34","2,068.65","2,050.05","-9.96","-0.48%","-","--","15:59:57","-","","-","-","-","-","-","-","Strong Buy","Neutral","Neutral","Neutral","Strong Buy","Strong Buy","Strong Buy","Strong Buy","-0.48%","1.94%","13.99%","16.75%","16.42%","4.94%"
"US Small Cap 2000",".RUT","NYSE","2,066.21","-","-","--","--","2,063.59","2,059.19","2,071.78","2,056.37","+7.02","+0.34%","-","--","27/12","-","","-","-","-","-","-","-","","","","","","Strong Buy","Strong Buy","Strong Buy","0.34%","2.44%","14.55%","17.32%","16.98%","5.45%"
"Twitter Inc (Delisted)","TWTR.K","NYSE","53.70","53.86","53.88","--","--","53.91","53.35","54.00","53.70","+0.00","+0.00%","-","--","27/10","41,030,000,000","5,230,000,000","18,631,009","-0.142","-366.15","0.698","-","-","Strong Sell","Sell","Strong Buy","Strong Buy","Strong Buy","Strong Buy","Strong Buy","Strong Buy","0.00%","-0.00%","9.19%","24.25%","1.03%","84.85%"
"Canadian Pacific Kansas City Limited","CP","NYSE","79.29","-","-","80.58","1.63%","79.63","79.60","80.07","79.15","-0.31","-0.38%","1,560,270","--","15:59:59","73,880,000,000","11,240,000,000","2,361,291","4.48","23.45","0.825","0.5757","0.72%","Strong Sell","Strong Sell","Strong Sell","Sell","Strong Buy","Strong Buy","Strong Buy","Strong Buy","-0.38%","0.21%","11.17%","6.30%","5.15%","14.20%"
"Aon PLC","AON","NYSE","289.43","287.00","292.39","289.31","-0.04%","290.69","289.87","292.41","288.48","-0.44","-0.15%","946,144","Feb 02, 2024","16:00:00","57,950,000,000","13,130,000,000","952,986","13.27","21.89","0.927","2.46","0.85%","Strong Sell","Neutral","Neutral","Strong Sell","Strong Sell","Strong Sell","Strong Sell","Neutral","-0.15%","0.43%","-10.14%","-3.57%","-4.60%","39.88%"
"Icici Bank Limited ADR","IBN","NYSE","24.23","24.22","24.29","24.29","0.25%","24.14","24.02","24.31","24.10","+0.20","+0.85%","3,296,877","Jan 31, 2024","16:00:00","84,820,000,000","1.31T","5,018,520","57.52","17.40","0.802","0.1721","0.72%","Strong Sell","Sell","Strong Buy","Strong Buy","Strong Buy","Strong Buy","Strong Buy","Strong Buy","0.85%","0.79%","8.27%","10.69%","9.64%","66.41%"
"Atlassian Corp Plc","TEAM.O","NASDAQ","241.22","-","-","241.35","0.05%","242.97","243.06","242.97","240.23","-1.84","-0.76%","723,617","Feb 01, 2024","15:59:59","62,250,000,000","3,710,000,000","1,555,374","-1.96","-122.96","0.628","-","-","Strong Sell","Strong Sell","Strong Sell","Sell","Strong Buy","Strong Buy","Strong Buy","Strong Buy","-0.76%","-1.55%","23.35%","87.46%","86.01%","3.46%"
"ASML Holding NV ADR","ASML.O","NASDAQ","757.85","-","-","758.15","0.04%","762.07","764.03","763.02","757.81","-6.18","-0.81%","450,175","Jan 24, 2024","16:00:01","299,360,000,000","26,750,000,000","937,146","19.34","35.49","1.17","5.4845","0.72%","Strong Sell","Strong Sell","Strong Sell","Neutral","Strong Buy","Strong Buy","Strong Buy","Strong Buy","-0.81%","0.34%","10.22%","38.70%","37.42%","56.58%"
"ICON PLC","ICLR.O","NASDAQ","285.76","114.35","300.00","285.76","--","284.10","284.17","287.43","283.43","+1.59","+0.56%","482,003","Feb 21, 2024","16:00:01","23,530,000,000","8,020,000,000","523,159","6.27","45.56","1.11","-","-","Strong Sell","Neutral","Buy","Strong Buy","Strong Buy","Strong Buy","Strong Buy","Strong Buy","0.56%","1.11%","7.03%","47.11%","43.98%","47.68%"
"Linde PLC","LIN","NYSE","409.77","-","-","409.62","-0.04%","410.53","411.21","410.89","409.20","-1.44","-0.35%","798,278","Feb 07, 2024","16:00:01","198,690,000,000","32,450,000,000","1,361,925","12.20","33.61","0.894","5.1","1.24%","Strong Sell","Strong Sell","Strong Sell","Sell","Buy","Buy","Strong Buy","Strong Buy","-0.35%","0.15%","-0.39%","25.63%","24.27%","57.96%"
"Waste Connections Inc","WCN","NYSE","148.82","146.00","156.26","148.82","--","148.44","147.98","148.96","147.72","+0.84","+0.57%","482,095","Feb 14, 2024","15:59:59","38,340,000,000","7,860,000,000","1,144,835","3.23","46.02","0.664","1.14","0.77%","Strong Buy","Strong Buy","Strong Buy","Strong Buy","Strong Buy","Strong Buy","Strong Buy","Strong Buy","0.57%","1.03%","12.20%","12.27%","11.47%","46.65%"
"STERIS plc","STE","NYSE","221.56","222.01","230.00","222.09","0.24%","223.81","223.34","224.70","221.17","-1.78","-0.80%","233,514","Feb 08, 2024","16:00:00","21,890,000,000","5,230,000,000","442,883","5.55","39.90","0.864","2.08","0.93%","Strong Sell","Strong Sell","Sell","Neutral","Strong Buy","Strong Buy","Strong Buy","Strong Buy","-0.80%","1.43%","12.22%","19.96%","18.99%","19.38%"
"Mettler-Toledo International Inc","MTD","NYSE","1,225.62","1,100.00","1,500.00","1,227.47","0.15%","1,230.05","1,222.96","1,230.73","1,223.47","+2.66","+0.22%","65,120","Feb 08, 2024","16:00:00","26,580,000,000","3,910,000,000","173,819","39.53","31.01","1.16","-","-","Sell","Neutral","Buy","Strong Buy","Strong Buy","Strong Buy","Strong Buy","Neutral","0.22%","1.37%","12.19%","-15.21%","-16.46%","7.70%"
"Arch Capital Group Ltd","ACGL.O","NASDAQ","74.06","73.05","75.00","74.06","--","73.72","73.54","74.27","73.51","+0.52","+0.71%","1,307,148","Feb 12, 2024","16:00:00","27,480,000,000","12,730,000,000","1,974,401","7.96","9.32","0.681","-","-","Sell","Strong Buy","Strong Buy","Strong Buy","Sell","Strong Sell","Strong Sell","Strong Buy","0.71%","-0.13%","-10.10%","17.97%","17.35%","109.80%"
"Accenture plc","ACN","NYSE","351.53","-","-","351.70","0.05%","354.28","353.82","354.41","351.27","-2.29","-0.65%","1,274,740","Mar 21, 2024","","220,410,000,000","64,590,000,000","1,946,652","10.92","32.25","-","5.16","1.46%","Strong Sell","Strong Sell","Strong Sell","Sell","Strong Buy","Strong Buy","Strong Buy","Strong Buy","-0.65%","0.80%","5.46%","31.74%","30.98%","36.38%"
"ResMed Inc","RMD","NYSE","172.99","-","-","170.00","-1.73%","178.07","172.98","179.43","172.53","+0.01","+0.01%","604,368","Jan 25, 2024","16:00:00","25,440,000,000","4,380,000,000","1,271,735","6.17","27.99","-","1.92","1.11%","Sell","Buy","Strong Buy","Buy","Strong Buy","Strong Buy","Buy","Sell","0.01%","-1.04%","8.90%","-16.88%","-17.38%","-18.12%"
"Microsoft Corporation","MSFT.O","NASDAQ","375.28","-","-","375.72","0.12%","375.37","374.07","376.46","374.16","+1.21","+0.32%","14,176,495","Jan 31, 2024","15:59:59","2.79T","218,310,000,000","25,528,573","10.36","36.29","0.897","3","0.8%","Strong Sell","Strong Buy","Strong Buy","Strong Buy","Strong Buy","Strong Buy","Strong Buy","Strong Buy","0.32%","0.47%","-0.94%","56.48%","55.71%","67.42%"
"EPAM Systems Inc","EPAM.K","NYSE","298.79","-","-","295.18","-1.21%","300.52","300.51","302.85","298.79","-1.72","-0.57%","226,702","Feb 15, 2024","15:59:59","17,250,000,000","4,760,000,000","426,067","8.21","36.52","1.47","-","-","Strong Sell","Strong Sell","Strong Sell","Sell","Strong Buy","Strong Buy","Strong Buy","Neutral","-0.57%","1.53%","14.05%","-8.83%","-9.66%","-15.06%"
"Amazon.com Inc","AMZN.O","NASDAQ","153.38","-","-","153.35","-0.02%","153.72","153.34","154.08","152.95","+0.04","+0.03%","26,731,970","Feb 01, 2024","15:59:59","1.59T","554,030,000,000","49,942,903","1.96","78.36","1.18","-","-","Strong Sell","Strong Sell","Neutral","Neutral","Buy","Strong Buy","Strong Buy","Strong Buy","0.03%","-0.30%","4.83%","82.60%","82.20%","-7.66%"
"Datadog Inc","DDOG.O","NASDAQ","123.28","122.82","123.68","123.40","0.10%","124.00","123.60","124.48","122.82","-0.32","-0.26%","1,387,931","Feb 15, 2024","16:00:00","40,500,000,000","2,010,000,000","4,219,606","-0.107","-1.15K","1.01","-","-","Strong Buy","Neutral","Neutral","Neutral","Strong Buy","Strong Buy","Strong Buy","Strong Buy","-0.26%","0.65%","5.68%","67.73%","66.73%","24.63%"
"Stryker Corporation","SYK","NYSE","299.13","284.20","305.00","299.12","--","297.23","298.21","301.37","295.94","+0.92","+0.31%","641,077","Jan 24, 2024","","113,650,000,000","19,890,000,000","1,547,232","6.82","44.16","-","3.2","1.07%","Strong Sell","Strong Sell","Buy","Buy","Strong Buy","Strong Buy","Strong Buy","Strong Buy","0.31%","1.05%","1.62%","22.35%","21.85%","24.20%"
"Visa Inc Class A","V","NYSE","260.32","-","-","260.40","0.03%","258.61","258.93","260.97","258.54","+1.39","+0.54%","2,361,884","Feb 01, 2024","","523,240,000,000","32,650,000,000","5,824,593","8.30","31.39","0.947","2.08","0.8%","Strong Sell","Neutral","Strong Buy","Strong Buy","Strong Buy","Strong Buy","Strong Buy","Strong Buy","0.54%","0.30%","2.40%","25.30%","25.12%","21.43%"
"UnitedHealth Group Incorporated","UNH","NYSE","525.00","-","-","525.36","0.07%","523.44","522.79","527.87","522.94","+2.21","+0.42%","1,460,557","Jan 12, 2024","16:00:00","485,590,000,000","359,980,000,000","2,819,712","23.29","22.62","0.637","7.52","1.44%","Strong Sell","Strong Sell","Sell","Neutral","Buy","Neutral","Buy","Strong Buy","0.42%","0.98%","-1.87%","-0.98%","-0.92%","51.14%"
"Entegris Inc","ENTG.O","NASDAQ","121.43","118.63","124.68","121.43","--","121.69","121.60","121.97","120.60","-0.17","-0.14%","829,236","Feb 06, 2024","","18,230,000,000","3,660,000,000","1,308,311","1.34","90.70","1.29","0.4","0.33%","Strong Sell","Neutral","Strong Buy","Buy","Strong Buy","Strong Buy","Strong Buy","Strong Buy","-0.14%","1.50%","16.19%","85.13%","85.56%","28.67%"
"Arthur J Gallagher & Co","AJG","NYSE","223.46","220.66","226.63","223.46","--","223.81","223.01","224.45","223.15","+0.45","+0.20%","625,424","Jan 25, 2024","15:59:59","48,250,000,000","9,210,000,000","895,252","5.32","42.11","0.70","2.2","0.99%","Strong Sell","Sell","Neutral","Neutral","Sell","Strong Sell","Sell","Strong Buy","0.20%","0.27%","-8.80%","18.52%","17.51%","83.87%"
"Novo Nordisk A/S","NVO","NYSE","103.47","-","-","103.21","-0.25%","104.55","103.68","104.99","103.47","-0.21","-0.20%","2,339,167","Jan 31, 2024","15:59:59","462,860,000,000","214,490,000,000","4,494,593","16.76","41.85","0.201","1.4716","0.71%","Strong Sell","Strong Sell","Sell","Neutral","Strong Buy","Strong Buy","Strong Buy","Strong Buy","-0.20%","-0.01%","1.44%","52.90%","53.06%","193.20%"
"Ferrari NV","RACE.K","NYSE","336.95","-","-","337.60","0.19%","338.56","338.34","338.96","336.87","-1.39","-0.41%","183,471","Feb 01, 2024","15:59:59","60,830,000,000","5,810,000,000","344,555","6.49","46.99","1.03","1.81","0.59%","Strong Sell","Strong Sell","Strong Sell","Strong Sell","Strong Sell","Strong Sell","Buy","Strong Buy","-0.41%","0.27%","-8.04%","57.29%","55.57%","46.73%"
"LPL Financial Holdings Inc","LPLA.O","NASDAQ","228.46","91.39","230.85","228.46","--","227.73","227.67","229.48","227.49","+0.79","+0.35%","191,836","Feb 01, 2024","16:00:01","17,280,000,000","9,740,000,000","662,653","15.00","15.24","0.911","1.2","0.53%","Strong Sell","Sell","Strong Buy","Strong Buy","Strong Buy","Strong Buy","Strong Buy","Buy","0.35%","2.44%","5.37%","5.69%","6.35%","119.57%"
"Thermo Fisher Scientific Inc","TMO","NYSE","532.97","520.98","538.00","534.11","0.21%","531.57","531.65","536.00","531.50","+1.32","+0.25%","707,441","Jan 31, 2024","16:00:00","205,920,000,000","43,420,000,000","1,831,905","15.33","34.82","0.813","1.4","0.26%","Strong Sell","Sell","Buy","Strong Buy","Strong Buy","Strong Buy","Strong Buy","Strong Buy","0.25%","1.22%","8.13%","-3.22%","-4.32%","15.15%"
"Arista Networks","ANET.K","NYSE","236.97","-","-","237.30","0.14%","237.56","237.73","237.85","236.35","-0.76","-0.32%","715,345","Feb 15, 2024","15:59:59","73,740,000,000","5,600,000,000","2,035,329","6.17","38.41","1.11","-","-","Strong Sell","Strong Sell","Strong Sell","Sell","Buy","Strong Buy","Strong Buy","Strong Buy","-0.32%","0.69%","8.06%","95.28%","94.43%","229.67%"
"Floor & Decor Holdings Inc","FND","NYSE","113.89","95.00","114.50","111.62","-1.99%","114.94","115.27","115.23","113.32","-1.38","-1.20%","1,004,351","Feb 22, 2024","16:00:00","12,140,000,000","4,410,000,000","2,100,602","2.62","43.28","1.95","-","-","Neutral","Neutral","Sell","Sell","Strong Buy","Strong Buy","Strong Buy","Strong Buy","-1.20%","-0.11%","23.52%","63.56%","60.43%","20.74%"
"McKesson Corporation","MCK","NYSE","457.78","450.00","459.50","458.40","0.14%","459.25","457.49","461.71","457.24","+0.29","+0.06%","391,947","Jan 31, 2024","","60,910,000,000","291,100,000,000","807,199","25.53","17.95","-","2.48","0.54%","Strong Sell","Sell","Sell","Buy","Strong Buy","Strong Buy","Strong Buy","Strong Buy","0.06%","1.12%","0.24%","22.04%","22.04%","162.82%"
"Booz Allen Hamilton Holding","BAH","NYSE","127.16","-","-","127.15","-0.01%","126.11","127.29","128.35","123.53","-0.13","-0.10%","1,068,441","Jan 26, 2024","16:00:00","16,580,000,000","10,030,000,000","822,914","2.22","57.52","-","1.88","1.48%","Strong Sell","Strong Sell","Neutral","Buy","Strong Buy","Strong Buy","Strong Buy","Strong Buy","-0.10%","1.11%","2.16%","21.66%","22.05%","45.79%"
"McCormick & Company Incorporated","MKC","NYSE","68.22","67.67","69.00","68.23","0.01%","67.85","67.79","68.50","67.79","+0.43","+0.63%","878,191","Jan 25, 2024","","18,310,000,000","6,610,000,000","2,214,242","2.41","28.02","0.661","1.68","2.46%","Neutral","Strong Buy","Strong Buy","Strong Buy","Strong Buy","Neutral","Strong Sell","Strong Sell","0.63%","0.52%","6.13%","-17.70%","-18.92%","-28.05%"
"US Dollar Index",".DXY","NYSE","101.24","-","-","--","--","100.87","100.99","101.30","100.62","+0.26","+0.26%","-","--","16:45:00","-","","-","-","-","-","-","-","Strong Buy","Strong Buy","Strong Buy","Strong Buy","Sell","Strong Sell","Strong Sell","Sell","0.25%","-0.59%","-1.48%","-2.20%","-2.50%","12.50%"
"Global Blockchain Acquisition Corp","GBBK.O","NASDAQ","10.54","-","-","--","--","10.54","10.55","10.55","10.54","-0.04","-0.38%","112","--","16:00:00","75,870,000","","6,893","0.204","46.19","-0.027","-","-","Strong Sell","Strong Sell","Strong Sell","Strong Sell","Neutral","Neutral","Strong Buy","Strong Buy","-0.38%","-0.01%","-0.09%","4.46%","4.15%","-"
"Blockchain Technologies","HBLK.TO","TSX","16.58","16.42","16.51","--","--","16.86","17.00","16.86","16.45","-0.42","-2.47%","2,484","--","15:19:33","29,240,000","","3,191","-","-","-","-","-","Neutral","Neutral","Neutral","Buy","Strong Buy","Strong Buy","Strong Buy","Strong Buy","-2.47%","8.72%","36.57%","96.91%","96.91%","5.27%"
"SKULL/BTC - Pirate Blocks Bitcoin","SKULL/BTC - Pirate Blocks Bitcoin","YoBit","0.00000001","-","0.00000001","--","--","0.00000001","0.00000001","0.00000001","0.00000001","0.00000000","0%","-","--","19:00:22","-","","-","-","-","-","-","-","Neutral","Neutral","Neutral","Neutral","Neutral","Neutral","Neutral","Neutral","0.00%","0.00%","0.00%","0.00%","0.00%","-50.00%"
"Feathercoin","FTC/USD","Investing.com","0.000848","-","-","--","--","0.000867","0.000867","0.001309","0.000846","-0.000019","-2.16%","-","--","16:54:25","-","","-","-","-","-","-","-","Strong Sell","Strong Sell","Strong Sell","Strong Sell","Strong Sell","Strong Sell","Strong Sell","Strong Sell","-2.34%","-3.06%","-10.10%","-79.02%","-78.26%","-93.38%"
"Feathercoin BTC","FTC/BTC","Investing.com","0.00000002","-","-","--","--","0.00000002","0.00000002","0.00000003","0.00000002","0.00000000","0%","3,655,458","--","16:42:07","-","","-","-","-","-","-","-","Neutral","Neutral","Neutral","Neutral","Neutral","Neutral","Strong Sell","Sell","0.00%","0.00%","-33.33%","-91.67%","-91.30%","-95.83%"
"Alphabet Inc Class A","GOOGL.O","NASDAQ","140.23","-","-","140.00","-0.16%","140.78","140.37","141.14","139.75","-0.14","-0.10%","15,891,363","Feb 01, 2024","","1.76T","297,130,000,000","28,937,367","5.24","26.97","1.05","-","-","Strong Sell","Strong Sell","Sell","Sell","Strong Buy","Strong Buy","Strong Buy","Strong Buy","-0.10%","-0.14%","3.88%","58.94%","58.54%","59.56%"
"United States 2-Year","TUc1=","NYSE","4.281","-","-","--","--","4.250","4.242","4.293","4.248","+0.039","+0.91%","-","--","16:49:57","-","","-","-","-","-","-","-","Strong Buy","Neutral","Strong Buy","Strong Buy","Strong Sell","Strong Sell","Strong Sell","Buy","0.91%","-1.62%","-7.85%","-3.32%","-1.94%","3221.18%"
"CMS Energy Corporation","CMS","NYSE","57.99","52.80","61.00","58.00","0.02%","57.27","57.46","58.01","57.22","+0.54","+0.93%","1,299,527","Feb 01, 2024","","16,920,000,000","7,790,000,000","2,696,193","2.54","22.74","-","1.95","3.39%","Strong Buy","Strong Buy","Strong Buy","Strong Buy","Strong Buy","Neutral","Buy","Neutral","0.93%","1.90%","2.19%","-8.43%","-9.64%","-1.98%"
"Automatic Data Processing Inc","ADP.O","NASDAQ","232.49","231.28","237.00","232.49","--","232.12","231.61","233.37","231.38","+0.88","+0.38%","1,128,310","Jan 31, 2024","","95,620,000,000","18,310,000,000","1,687,528","8.46","27.51","-","5.6","2.42%","Sell","Strong Buy","Strong Buy","Strong Buy","Buy","Neutral","Strong Buy","Buy","0.38%","1.53%","1.45%","-2.67%","-3.38%","32.95%"
"Ethereum","ETH/USD","Investing.com","2,342.57","-","-","--","--","2,358.80","2,358.80","2,443.59","2,338.46","-16.23","-0.69%","654,122","--","16:55:45","-","","-","-","-","-","-","-","Strong Sell","Strong Sell","Strong Sell","Sell","Strong Buy","Strong Buy","Strong Buy","Strong Buy","-0.39%","4.91%","15.80%","96.51%","95.67%","221.09%"
"PepsiCo Inc","PEP.O","NASDAQ","169.39","-","-","169.50","0.06%","169.40","169.40","169.54","168.70","-0.01","-0.01%","2,899,754","Feb 09, 2024","","235,650,000,000","91,620,000,000","5,626,592","6.02","28.12","0.567","5.06","2.99%","Strong Buy","Strong Buy","Strong Buy","Strong Buy","Strong Buy","Strong Buy","Neutral","Sell","-0.01%","1.45%","1.33%","-6.24%","-6.92%","14.90%"
